ESU,MAJOR_POPULATION_GROUP,COMMON_POPULATION_NAME,SPECIES,RUN_TIMING,BROOD_YEAR,NUMBER_OF_SPAWNERS,FRACWILD
Lower Columbia River Chinook Salmon ESU,Cascade,Kalama River,Chinook,Fall-run,1964,4695,-99
Lower Columbia River Chinook Salmon ESU,Cascade,Kalama River,Chinook,Fall-run,1965,5509,-99
Lower Columbia River Chinook Salmon ESU,Cascade,Kalama River,Chinook,Fall-run,1966,2684,-99
Lower Columbia River Chinook Salmon ESU,Cascade,Kalama River,Chinook,Fall-run,1967,3305,-99
Lower Columbia River Chinook Salmon ESU,Cascade,Kalama River,Chinook,Fall-run,1968,2806,-99
Lower Columbia River Chinook Salmon ESU,Cascade,Kalama River,Chinook,Fall-run,1969,2191,-99
Lower Columbia River Chinook Salmon ESU,Cascade,Kalama River,Chinook,Fall-run,1970,2738,-99
Lower Columbia River Chinook Salmon ESU,Cascade,Kalama River,Chinook,Fall-run,1971,3102,-99
Lower Columbia River Chinook Salmon ESU,Cascade,Kalama River,Chinook,Fall-run,1972,3222,-99
Lower Columbia River Chinook Salmon ESU,Cascade,Kalama River,Chinook,Fall-run,1973,6199,-99
Lower Columbia River Chinook Salmon ESU,Cascade,Kalama River,Chinook,Fall-run,1974,12449,-99
Lower Columbia River Chinook Salmon ESU,Cascade,Kalama River,Chinook,Fall-run,1975,17761,-99
Lower Columbia River Chinook Salmon ESU,Cascade,Kalama River,Chinook,Fall-run,1976,7517,-99
Lower Columbia River Chinook Salmon ESU,Cascade,Kalama River,Chinook,Fall-run,1977,6484,0.5
Lower Columbia River Chinook Salmon ESU,Cascade,Kalama River,Chinook,Fall-run,1978,3637,0.5
Lower Columbia River Chinook Salmon ESU,Cascade,Kalama River,Chinook,Fall-run,1979,2704,0.5
Lower Columbia River Chinook Salmon ESU,Cascade,Kalama River,Chinook,Fall-run,1980,5675,0.5
Lower Columbia River Chinook Salmon ESU,Cascade,Kalama River,Chinook,Fall-run,1981,1840,0.5
Lower Columbia River Chinook Salmon ESU,Cascade,Kalama River,Chinook,Fall-run,1982,4570,0.5
Lower Columbia River Chinook Salmon ESU,Cascade,Kalama River,Chinook,Fall-run,1983,2681,0.5
Lower Columbia River Chinook Salmon ESU,Cascade,Kalama River,Chinook,Fall-run,1984,2955,0.5
Lower Columbia River Chinook Salmon ESU,Cascade,Kalama River,Chinook,Fall-run,1985,1055,0.5
Lower Columbia River Chinook Salmon ESU,Cascade,Kalama River,Chinook,Fall-run,1986,2227,0.5
Lower Columbia River Chinook Salmon ESU,Cascade,Kalama River,Chinook,Fall-run,1987,9632,0.5
Lower Columbia River Chinook Salmon ESU,Cascade,Kalama River,Chinook,Fall-run,1988,24279,0.5
Lower Columbia River Chinook Salmon ESU,Cascade,Kalama River,Chinook,Fall-run,1989,20413,0.5
Lower Columbia River Chinook Salmon ESU,Cascade,Kalama River,Chinook,Fall-run,1990,2054,0.5
Lower Columbia River Chinook Salmon ESU,Cascade,Kalama River,Chinook,Fall-run,1991,5085,0.54
Lower Columbia River Chinook Salmon ESU,Cascade,Kalama River,Chinook,Fall-run,1992,3593,0.48
Lower Columbia River Chinook Salmon ESU,Cascade,Kalama River,Chinook,Fall-run,1993,1941,0.89
Lower Columbia River Chinook Salmon ESU,Cascade,Kalama River,Chinook,Fall-run,1994,2020,0.73
Lower Columbia River Chinook Salmon ESU,Cascade,Kalama River,Chinook,Fall-run,1995,3044,0.69
Lower Columbia River Chinook Salmon ESU,Cascade,Kalama River,Chinook,Fall-run,1996,10630,0.44
Lower Columbia River Chinook Salmon ESU,Cascade,Kalama River,Chinook,Fall-run,1997,3539,0.4
Lower Columbia River Chinook Salmon ESU,Cascade,Kalama River,Chinook,Fall-run,1998,4318,0.69
Lower Columbia River Chinook Salmon ESU,Cascade,Kalama River,Chinook,Fall-run,1999,2617,0.03
Lower Columbia River Chinook Salmon ESU,Cascade,Kalama River,Chinook,Fall-run,2000,1420,0.19
Lower Columbia River Chinook Salmon ESU,Cascade,Kalama River,Chinook,Fall-run,2001,3613,0.19
Lower Columbia River Chinook Salmon ESU,Cascade,Kalama River,Chinook,Fall-run,2002,18809,0.01
Lower Columbia River Chinook Salmon ESU,Cascade,Kalama River,Chinook,Fall-run,2003,24710,0.01
Lower Columbia River Chinook Salmon ESU,Cascade,Kalama River,Chinook,Fall-run,2004,6612,0.1
Lower Columbia River Chinook Salmon ESU,Cascade,Kalama River,Chinook,Fall-run,2005,9168,0.03
Lower Columbia River Chinook Salmon ESU,Cascade,Kalama River,Chinook,Fall-run,2006,10386,0.01
Lower Columbia River Chinook Salmon ESU,Cascade,Kalama River,Chinook,Fall-run,2007,3296,0.06
Lower Columbia River Chinook Salmon ESU,Cascade,Kalama River,Chinook,Fall-run,2008,3734,0.04
Lower Columbia River Chinook Salmon ESU,Cascade,Kalama River,Chinook,Fall-run,2009,7546,0.1
Lower Columbia River Chinook Salmon ESU,Cascade,Kalama River,Chinook,Fall-run,2010,7057,0.12
Lower Columbia River Chinook Salmon ESU,Cascade,Kalama River,Chinook,Fall-run,2011,8869,0.07
Lower Columbia River Chinook Salmon ESU,Cascade,Kalama River,Chinook,Fall-run,2012,8007,0.07
Lower Columbia River Chinook Salmon ESU,Cascade,Kalama River,Chinook,Fall-run,2013,12061,0.09
Lower Columbia River Chinook Salmon ESU,Cascade,Kalama River,Chinook,Fall-run,2014,11537,0.09
Lower Columbia River Chinook Salmon ESU,Cascade,Kalama River,Chinook,Spring-run,1980,298,-99
Lower Columbia River Chinook Salmon ESU,Cascade,Kalama River,Chinook,Spring-run,1981,721,-99
Lower Columbia River Chinook Salmon ESU,Cascade,Kalama River,Chinook,Spring-run,1982,2712,-99
Lower Columbia River Chinook Salmon ESU,Cascade,Kalama River,Chinook,Spring-run,1983,1009,-99
Lower Columbia River Chinook Salmon ESU,Cascade,Kalama River,Chinook,Spring-run,1984,133,-99
Lower Columbia River Chinook Salmon ESU,Cascade,Kalama River,Chinook,Spring-run,1985,0,-99
Lower Columbia River Chinook Salmon ESU,Cascade,Kalama River,Chinook,Spring-run,1986,165,-99
Lower Columbia River Chinook Salmon ESU,Cascade,Kalama River,Chinook,Spring-run,1987,471,-99
Lower Columbia River Chinook Salmon ESU,Cascade,Kalama River,Chinook,Spring-run,1988,475,-99
Lower Columbia River Chinook Salmon ESU,Cascade,Kalama River,Chinook,Spring-run,1989,572,-99
Lower Columbia River Chinook Salmon ESU,Cascade,Kalama River,Chinook,Spring-run,1990,34,-99
Lower Columbia River Chinook Salmon ESU,Cascade,Kalama River,Chinook,Spring-run,1991,32,-99
Lower Columbia River Chinook Salmon ESU,Cascade,Kalama River,Chinook,Spring-run,1992,168,-99
Lower Columbia River Chinook Salmon ESU,Cascade,Kalama River,Chinook,Spring-run,1993,348,-99
Lower Columbia River Chinook Salmon ESU,Cascade,Kalama River,Chinook,Spring-run,1994,407,-99
Lower Columbia River Chinook Salmon ESU,Cascade,Kalama River,Chinook,Spring-run,1995,376,-99
Lower Columbia River Chinook Salmon ESU,Cascade,Kalama River,Chinook,Spring-run,1996,254,-99
Lower Columbia River Chinook Salmon ESU,Cascade,Kalama River,Chinook,Spring-run,1997,39,-99
Lower Columbia River Chinook Salmon ESU,Cascade,Kalama River,Chinook,Spring-run,1998,42,-99
Lower Columbia River Chinook Salmon ESU,Cascade,Kalama River,Chinook,Spring-run,1999,215,-99
Lower Columbia River Chinook Salmon ESU,Cascade,Kalama River,Chinook,Spring-run,2000,33,-99
Lower Columbia River Chinook Salmon ESU,Cascade,Kalama River,Chinook,Spring-run,2001,555,-99
Lower Columbia River Chinook Salmon ESU,Cascade,Kalama River,Chinook,Spring-run,2002,886,-99
Lower Columbia River Chinook Salmon ESU,Cascade,Kalama River,Chinook,Spring-run,2003,766,-99
Lower Columbia River Chinook Salmon ESU,Cascade,Kalama River,Chinook,Spring-run,2004,352,-99
Lower Columbia River Chinook Salmon ESU,Cascade,Kalama River,Chinook,Spring-run,2005,380,-99
Lower Columbia River Chinook Salmon ESU,Cascade,Kalama River,Chinook,Spring-run,2006,292,-99
Lower Columbia River Chinook Salmon ESU,Cascade,Kalama River,Chinook,Spring-run,2007,2144,-99
Lower Columbia River Chinook Salmon ESU,Cascade,Kalama River,Chinook,Spring-run,2008,363,-99
Lower Columbia River Chinook Salmon ESU,Cascade,Kalama River,Chinook,Spring-run,2009,26,0.4
Lower Columbia River Chinook Salmon ESU,Cascade,Kalama River,Chinook,Spring-run,2010,0,-99
Lower Columbia River Chinook Salmon ESU,Cascade,Kalama River,Chinook,Spring-run,2011,200,-99
Lower Columbia River Chinook Salmon ESU,Cascade,Kalama River,Chinook,Spring-run,2012,28,-99
Lower Columbia River Chinook Salmon ESU,Cascade,Kalama River,Chinook,Spring-run,2013,158,-99
Lower Columbia River Chinook Salmon ESU,Cascade,Lewis River,Chinook,Late fall,1964,16857,-99
Lower Columbia River Chinook Salmon ESU,Cascade,Lewis River,Chinook,Late fall,1965,7927,-99
Lower Columbia River Chinook Salmon ESU,Cascade,Lewis River,Chinook,Late fall,1966,11627,-99
Lower Columbia River Chinook Salmon ESU,Cascade,Lewis River,Chinook,Late fall,1967,9711,-99
Lower Columbia River Chinook Salmon ESU,Cascade,Lewis River,Chinook,Late fall,1968,7160,-99
Lower Columbia River Chinook Salmon ESU,Cascade,Lewis River,Chinook,Late fall,1969,4986,-99
Lower Columbia River Chinook Salmon ESU,Cascade,Lewis River,Chinook,Late fall,1970,4130,-99
Lower Columbia River Chinook Salmon ESU,Cascade,Lewis River,Chinook,Late fall,1971,19926,-99
Lower Columbia River Chinook Salmon ESU,Cascade,Lewis River,Chinook,Late fall,1972,18488,-99
Lower Columbia River Chinook Salmon ESU,Cascade,Lewis River,Chinook,Late fall,1973,9120,-99
Lower Columbia River Chinook Salmon ESU,Cascade,Lewis River,Chinook,Late fall,1974,7549,-99
Lower Columbia River Chinook Salmon ESU,Cascade,Lewis River,Chinook,Late fall,1975,13859,-99
Lower Columbia River Chinook Salmon ESU,Cascade,Lewis River,Chinook,Late fall,1976,3371,-99
Lower Columbia River Chinook Salmon ESU,Cascade,Lewis River,Chinook,Late fall,1977,6930,-99
Lower Columbia River Chinook Salmon ESU,Cascade,Lewis River,Chinook,Late fall,1978,5363,-99
Lower Columbia River Chinook Salmon ESU,Cascade,Lewis River,Chinook,Late fall,1979,8023,-99
Lower Columbia River Chinook Salmon ESU,Cascade,Lewis River,Chinook,Late fall,1980,13839,-99
Lower Columbia River Chinook Salmon ESU,Cascade,Lewis River,Chinook,Late fall,1981,19297,-99
Lower Columbia River Chinook Salmon ESU,Cascade,Lewis River,Chinook,Late fall,1982,8370,-99
Lower Columbia River Chinook Salmon ESU,Cascade,Lewis River,Chinook,Late fall,1983,13540,-99
Lower Columbia River Chinook Salmon ESU,Cascade,Lewis River,Chinook,Late fall,1984,7132,-99
Lower Columbia River Chinook Salmon ESU,Cascade,Lewis River,Chinook,Late fall,1985,7491,-99
Lower Columbia River Chinook Salmon ESU,Cascade,Lewis River,Chinook,Late fall,1986,10472,1
Lower Columbia River Chinook Salmon ESU,Cascade,Lewis River,Chinook,Late fall,1987,12210,1
Lower Columbia River Chinook Salmon ESU,Cascade,Lewis River,Chinook,Late fall,1988,11165,1
Lower Columbia River Chinook Salmon ESU,Cascade,Lewis River,Chinook,Late fall,1989,20058,1
Lower Columbia River Chinook Salmon ESU,Cascade,Lewis River,Chinook,Late fall,1990,15378,1
Lower Columbia River Chinook Salmon ESU,Cascade,Lewis River,Chinook,Late fall,1991,8787,1
Lower Columbia River Chinook Salmon ESU,Cascade,Lewis River,Chinook,Late fall,1992,5508,1
Lower Columbia River Chinook Salmon ESU,Cascade,Lewis River,Chinook,Late fall,1993,6462,1
Lower Columbia River Chinook Salmon ESU,Cascade,Lewis River,Chinook,Late fall,1994,8456,1
Lower Columbia River Chinook Salmon ESU,Cascade,Lewis River,Chinook,Late fall,1995,9715,1
Lower Columbia River Chinook Salmon ESU,Cascade,Lewis River,Chinook,Late fall,1996,13077,1
Lower Columbia River Chinook Salmon ESU,Cascade,Lewis River,Chinook,Late fall,1997,8168,1
Lower Columbia River Chinook Salmon ESU,Cascade,Lewis River,Chinook,Late fall,1998,5173,1
Lower Columbia River Chinook Salmon ESU,Cascade,Lewis River,Chinook,Late fall,1999,2417,1
Lower Columbia River Chinook Salmon ESU,Cascade,Lewis River,Chinook,Late fall,2000,8741,1
Lower Columbia River Chinook Salmon ESU,Cascade,Lewis River,Chinook,Late fall,2001,11274,1
Lower Columbia River Chinook Salmon ESU,Cascade,Lewis River,Chinook,Late fall,2002,13293,1
Lower Columbia River Chinook Salmon ESU,Cascade,Lewis River,Chinook,Late fall,2003,12912,1
Lower Columbia River Chinook Salmon ESU,Cascade,Lewis River,Chinook,Late fall,2004,12928,1
Lower Columbia River Chinook Salmon ESU,Cascade,Lewis River,Chinook,Late fall,2005,9775,1
Lower Columbia River Chinook Salmon ESU,Cascade,Lewis River,Chinook,Late fall,2006,5066,1
Lower Columbia River Chinook Salmon ESU,Cascade,Lewis River,Chinook,Late fall,2007,3708,1
Lower Columbia River Chinook Salmon ESU,Cascade,Lewis River,Chinook,Late fall,2008,5485,1
Lower Columbia River Chinook Salmon ESU,Cascade,Lewis River,Chinook,Late fall,2009,6283,1
Lower Columbia River Chinook Salmon ESU,Cascade,Lewis River,Chinook,Late fall,2010,9294,1
Lower Columbia River Chinook Salmon ESU,Cascade,Lewis River,Chinook,Late fall,2011,8205,1
Lower Columbia River Chinook Salmon ESU,Cascade,Lewis River,Chinook,Late fall,2012,8143,1
Lower Columbia River Chinook Salmon ESU,Cascade,Lewis River,Chinook,Late fall,2013,15197,1
Lower Columbia River Chinook Salmon ESU,Cascade,Lewis River,Chinook,Fall-run,1964,632,-99
Lower Columbia River Chinook Salmon ESU,Cascade,Lewis River,Chinook,Fall-run,1965,891,-99
Lower Columbia River Chinook Salmon ESU,Cascade,Lewis River,Chinook,Fall-run,1966,583,-99
Lower Columbia River Chinook Salmon ESU,Cascade,Lewis River,Chinook,Fall-run,1967,411,-99
Lower Columbia River Chinook Salmon ESU,Cascade,Lewis River,Chinook,Fall-run,1968,249,-99
Lower Columbia River Chinook Salmon ESU,Cascade,Lewis River,Chinook,Fall-run,1969,329,-99
Lower Columbia River Chinook Salmon ESU,Cascade,Lewis River,Chinook,Fall-run,1970,657,-99
Lower Columbia River Chinook Salmon ESU,Cascade,Lewis River,Chinook,Fall-run,1971,2142,-99
Lower Columbia River Chinook Salmon ESU,Cascade,Lewis River,Chinook,Fall-run,1972,534,-99
Lower Columbia River Chinook Salmon ESU,Cascade,Lewis River,Chinook,Fall-run,1973,210,-99
Lower Columbia River Chinook Salmon ESU,Cascade,Lewis River,Chinook,Fall-run,1974,420,-99
Lower Columbia River Chinook Salmon ESU,Cascade,Lewis River,Chinook,Fall-run,1975,581,-99
Lower Columbia River Chinook Salmon ESU,Cascade,Lewis River,Chinook,Fall-run,1976,325,-99
Lower Columbia River Chinook Salmon ESU,Cascade,Lewis River,Chinook,Fall-run,1977,568,-99
Lower Columbia River Chinook Salmon ESU,Cascade,Lewis River,Chinook,Fall-run,1978,687,-99
Lower Columbia River Chinook Salmon ESU,Cascade,Lewis River,Chinook,Fall-run,1979,716,-99
Lower Columbia River Chinook Salmon ESU,Cascade,Lewis River,Chinook,Fall-run,1980,311,1
Lower Columbia River Chinook Salmon ESU,Cascade,Lewis River,Chinook,Fall-run,1981,397,1
Lower Columbia River Chinook Salmon ESU,Cascade,Lewis River,Chinook,Fall-run,1982,240,1
Lower Columbia River Chinook Salmon ESU,Cascade,Lewis River,Chinook,Fall-run,1983,305,1
Lower Columbia River Chinook Salmon ESU,Cascade,Lewis River,Chinook,Fall-run,1984,192,1
Lower Columbia River Chinook Salmon ESU,Cascade,Lewis River,Chinook,Fall-run,1985,540,1
Lower Columbia River Chinook Salmon ESU,Cascade,Lewis River,Chinook,Fall-run,1986,389,1
Lower Columbia River Chinook Salmon ESU,Cascade,Lewis River,Chinook,Fall-run,1987,135,1
Lower Columbia River Chinook Salmon ESU,Cascade,Lewis River,Chinook,Fall-run,1988,427,1
Lower Columbia River Chinook Salmon ESU,Cascade,Lewis River,Chinook,Fall-run,1989,591,0.78
Lower Columbia River Chinook Salmon ESU,Cascade,Lewis River,Chinook,Fall-run,1990,342,1
Lower Columbia River Chinook Salmon ESU,Cascade,Lewis River,Chinook,Fall-run,1991,230,1
Lower Columbia River Chinook Salmon ESU,Cascade,Lewis River,Chinook,Fall-run,1992,202,1
Lower Columbia River Chinook Salmon ESU,Cascade,Lewis River,Chinook,Fall-run,1993,156,1
Lower Columbia River Chinook Salmon ESU,Cascade,Lewis River,Chinook,Fall-run,1994,395,1
Lower Columbia River Chinook Salmon ESU,Cascade,Lewis River,Chinook,Fall-run,1995,200,1
Lower Columbia River Chinook Salmon ESU,Cascade,Lewis River,Chinook,Fall-run,1996,334,1
Lower Columbia River Chinook Salmon ESU,Cascade,Lewis River,Chinook,Fall-run,1997,307,1
Lower Columbia River Chinook Salmon ESU,Cascade,Lewis River,Chinook,Fall-run,1998,104,1
Lower Columbia River Chinook Salmon ESU,Cascade,Lewis River,Chinook,Fall-run,1999,217,1
Lower Columbia River Chinook Salmon ESU,Cascade,Lewis River,Chinook,Fall-run,2000,304,1
Lower Columbia River Chinook Salmon ESU,Cascade,Lewis River,Chinook,Fall-run,2001,526,0.7
Lower Columbia River Chinook Salmon ESU,Cascade,Lewis River,Chinook,Fall-run,2002,1296,0.77
Lower Columbia River Chinook Salmon ESU,Cascade,Lewis River,Chinook,Fall-run,2003,714,0.98
Lower Columbia River Chinook Salmon ESU,Cascade,Lewis River,Chinook,Fall-run,2004,886,-99
Lower Columbia River Chinook Salmon ESU,Cascade,Lewis River,Chinook,Fall-run,2005,598,1
Lower Columbia River Chinook Salmon ESU,Cascade,Lewis River,Chinook,Fall-run,2006,427,-99
Lower Columbia River Chinook Salmon ESU,Cascade,Lewis River,Chinook,Fall-run,2007,237,-99
Lower Columbia River Chinook Salmon ESU,Cascade,Lewis River,Chinook,Fall-run,2008,379,-99
Lower Columbia River Chinook Salmon ESU,Cascade,Lewis River,Chinook,Fall-run,2009,596,-99
Lower Columbia River Chinook Salmon ESU,Cascade,Lewis River,Chinook,Fall-run,2010,426,0.887
Lower Columbia River Chinook Salmon ESU,Cascade,Lewis River,Chinook,Fall-run,2011,870,0.951
Lower Columbia River Chinook Salmon ESU,Cascade,Lewis River,Chinook,Fall-run,2012,566,0.959
Lower Columbia River Chinook Salmon ESU,Cascade,Lewis River,Chinook,Fall-run,2013,1540,0.936
Lower Columbia River Chinook Salmon ESU,Cascade,Lewis River,Chinook,Fall-run,2014,942,0.909
Lower Columbia River Chinook Salmon ESU,Cascade,Lower Cowlitz River,Chinook,Fall-run,1964,3312,-99
Lower Columbia River Chinook Salmon ESU,Cascade,Lower Cowlitz River,Chinook,Fall-run,1965,5707,-99
Lower Columbia River Chinook Salmon ESU,Cascade,Lower Cowlitz River,Chinook,Fall-run,1966,4782,-99
Lower Columbia River Chinook Salmon ESU,Cascade,Lower Cowlitz River,Chinook,Fall-run,1967,5487,-99
Lower Columbia River Chinook Salmon ESU,Cascade,Lower Cowlitz River,Chinook,Fall-run,1968,2303,-99
Lower Columbia River Chinook Salmon ESU,Cascade,Lower Cowlitz River,Chinook,Fall-run,1969,4260,-99
Lower Columbia River Chinook Salmon ESU,Cascade,Lower Cowlitz River,Chinook,Fall-run,1970,9706,-99
Lower Columbia River Chinook Salmon ESU,Cascade,Lower Cowlitz River,Chinook,Fall-run,1971,22758,-99
Lower Columbia River Chinook Salmon ESU,Cascade,Lower Cowlitz River,Chinook,Fall-run,1972,21027,-99
Lower Columbia River Chinook Salmon ESU,Cascade,Lower Cowlitz River,Chinook,Fall-run,1973,8390,-99
Lower Columbia River Chinook Salmon ESU,Cascade,Lower Cowlitz River,Chinook,Fall-run,1974,7566,-99
Lower Columbia River Chinook Salmon ESU,Cascade,Lower Cowlitz River,Chinook,Fall-run,1975,4766,-99
Lower Columbia River Chinook Salmon ESU,Cascade,Lower Cowlitz River,Chinook,Fall-run,1976,3726,-99
Lower Columbia River Chinook Salmon ESU,Cascade,Lower Cowlitz River,Chinook,Fall-run,1977,5837,0.26
Lower Columbia River Chinook Salmon ESU,Cascade,Lower Cowlitz River,Chinook,Fall-run,1978,3192,0.26
Lower Columbia River Chinook Salmon ESU,Cascade,Lower Cowlitz River,Chinook,Fall-run,1979,8253,0.26
Lower Columbia River Chinook Salmon ESU,Cascade,Lower Cowlitz River,Chinook,Fall-run,1980,2418,0.26
Lower Columbia River Chinook Salmon ESU,Cascade,Lower Cowlitz River,Chinook,Fall-run,1981,3991,0.26
Lower Columbia River Chinook Salmon ESU,Cascade,Lower Cowlitz River,Chinook,Fall-run,1982,3024,0.26
Lower Columbia River Chinook Salmon ESU,Cascade,Lower Cowlitz River,Chinook,Fall-run,1983,3654,0.26
Lower Columbia River Chinook Salmon ESU,Cascade,Lower Cowlitz River,Chinook,Fall-run,1984,2577,0.26
Lower Columbia River Chinook Salmon ESU,Cascade,Lower Cowlitz River,Chinook,Fall-run,1985,4300,0.26
Lower Columbia River Chinook Salmon ESU,Cascade,Lower Cowlitz River,Chinook,Fall-run,1986,2229,0.26
Lower Columbia River Chinook Salmon ESU,Cascade,Lower Cowlitz River,Chinook,Fall-run,1987,5930,0.26
Lower Columbia River Chinook Salmon ESU,Cascade,Lower Cowlitz River,Chinook,Fall-run,1988,7700,0.26
Lower Columbia River Chinook Salmon ESU,Cascade,Lower Cowlitz River,Chinook,Fall-run,1989,7220,0.26
Lower Columbia River Chinook Salmon ESU,Cascade,Lower Cowlitz River,Chinook,Fall-run,1990,2698,0.26
Lower Columbia River Chinook Salmon ESU,Cascade,Lower Cowlitz River,Chinook,Fall-run,1991,2567,0.26
Lower Columbia River Chinook Salmon ESU,Cascade,Lower Cowlitz River,Chinook,Fall-run,1992,2683,0.26
Lower Columbia River Chinook Salmon ESU,Cascade,Lower Cowlitz River,Chinook,Fall-run,1993,2218,0.06
Lower Columbia River Chinook Salmon ESU,Cascade,Lower Cowlitz River,Chinook,Fall-run,1994,2512,0.19
Lower Columbia River Chinook Salmon ESU,Cascade,Lower Cowlitz River,Chinook,Fall-run,1995,2231,0.13
Lower Columbia River Chinook Salmon ESU,Cascade,Lower Cowlitz River,Chinook,Fall-run,1996,1602,0.58
Lower Columbia River Chinook Salmon ESU,Cascade,Lower Cowlitz River,Chinook,Fall-run,1997,2710,0.72
Lower Columbia River Chinook Salmon ESU,Cascade,Lower Cowlitz River,Chinook,Fall-run,1998,2108,0.37
Lower Columbia River Chinook Salmon ESU,Cascade,Lower Cowlitz River,Chinook,Fall-run,1999,997,0.16
Lower Columbia River Chinook Salmon ESU,Cascade,Lower Cowlitz River,Chinook,Fall-run,2000,2363,0.1
Lower Columbia River Chinook Salmon ESU,Cascade,Lower Cowlitz River,Chinook,Fall-run,2001,4652,0.44
Lower Columbia River Chinook Salmon ESU,Cascade,Lower Cowlitz River,Chinook,Fall-run,2002,13514,0.76
Lower Columbia River Chinook Salmon ESU,Cascade,Lower Cowlitz River,Chinook,Fall-run,2003,10048,0.88
Lower Columbia River Chinook Salmon ESU,Cascade,Lower Cowlitz River,Chinook,Fall-run,2004,4466,0.7
Lower Columbia River Chinook Salmon ESU,Cascade,Lower Cowlitz River,Chinook,Fall-run,2005,2870,0.17
Lower Columbia River Chinook Salmon ESU,Cascade,Lower Cowlitz River,Chinook,Fall-run,2006,2944,-99
Lower Columbia River Chinook Salmon ESU,Cascade,Lower Cowlitz River,Chinook,Fall-run,2007,1847,-99
Lower Columbia River Chinook Salmon ESU,Cascade,Lower Cowlitz River,Chinook,Fall-run,2008,1828,-99
Lower Columbia River Chinook Salmon ESU,Cascade,Lower Cowlitz River,Chinook,Fall-run,2009,2602,-99
Lower Columbia River Chinook Salmon ESU,Cascade,Lower Cowlitz River,Chinook,Fall-run,2010,4488,0.706
Lower Columbia River Chinook Salmon ESU,Cascade,Lower Cowlitz River,Chinook,Fall-run,2011,3685,0.755
Lower Columbia River Chinook Salmon ESU,Cascade,Lower Cowlitz River,Chinook,Fall-run,2012,2725,0.714
Lower Columbia River Chinook Salmon ESU,Cascade,Lower Cowlitz River,Chinook,Fall-run,2013,4436,0.81
Lower Columbia River Chinook Salmon ESU,Coastal,"Mill, Abernathy, and Germany Creeks",Chinook,Fall-run,1980,516,0.49
Lower Columbia River Chinook Salmon ESU,Coastal,"Mill, Abernathy, and Germany Creeks",Chinook,Fall-run,1981,896,0.48
Lower Columbia River Chinook Salmon ESU,Coastal,"Mill, Abernathy, and Germany Creeks",Chinook,Fall-run,1982,1825,0.5
Lower Columbia River Chinook Salmon ESU,Coastal,"Mill, Abernathy, and Germany Creeks",Chinook,Fall-run,1983,3547,0.51
Lower Columbia River Chinook Salmon ESU,Coastal,"Mill, Abernathy, and Germany Creeks",Chinook,Fall-run,1984,532,0.52
Lower Columbia River Chinook Salmon ESU,Coastal,"Mill, Abernathy, and Germany Creeks",Chinook,Fall-run,1985,1596,0.53
Lower Columbia River Chinook Salmon ESU,Coastal,"Mill, Abernathy, and Germany Creeks",Chinook,Fall-run,1986,539,0.49
Lower Columbia River Chinook Salmon ESU,Coastal,"Mill, Abernathy, and Germany Creeks",Chinook,Fall-run,1987,6025,0.59
Lower Columbia River Chinook Salmon ESU,Coastal,"Mill, Abernathy, and Germany Creeks",Chinook,Fall-run,1988,2850,0.69
Lower Columbia River Chinook Salmon ESU,Coastal,"Mill, Abernathy, and Germany Creeks",Chinook,Fall-run,1989,2708,0.69
Lower Columbia River Chinook Salmon ESU,Coastal,"Mill, Abernathy, and Germany Creeks",Chinook,Fall-run,1990,475,0.63
Lower Columbia River Chinook Salmon ESU,Coastal,"Mill, Abernathy, and Germany Creeks",Chinook,Fall-run,1991,1889,0.85
Lower Columbia River Chinook Salmon ESU,Coastal,"Mill, Abernathy, and Germany Creeks",Chinook,Fall-run,1992,796,0.47
Lower Columbia River Chinook Salmon ESU,Coastal,"Mill, Abernathy, and Germany Creeks",Chinook,Fall-run,1993,798,0.71
Lower Columbia River Chinook Salmon ESU,Coastal,"Mill, Abernathy, and Germany Creeks",Chinook,Fall-run,1994,3572,0.4
Lower Columbia River Chinook Salmon ESU,Coastal,"Mill, Abernathy, and Germany Creeks",Chinook,Fall-run,1995,1321,0.51
Lower Columbia River Chinook Salmon ESU,Coastal,"Mill, Abernathy, and Germany Creeks",Chinook,Fall-run,1996,494,0.54
Lower Columbia River Chinook Salmon ESU,Coastal,"Mill, Abernathy, and Germany Creeks",Chinook,Fall-run,1997,595,0.23
Lower Columbia River Chinook Salmon ESU,Coastal,"Mill, Abernathy, and Germany Creeks",Chinook,Fall-run,1998,353,0.6
Lower Columbia River Chinook Salmon ESU,Coastal,"Mill, Abernathy, and Germany Creeks",Chinook,Fall-run,1999,575,0.69
Lower Columbia River Chinook Salmon ESU,Coastal,"Mill, Abernathy, and Germany Creeks",Chinook,Fall-run,2000,370,0.58
Lower Columbia River Chinook Salmon ESU,Coastal,"Mill, Abernathy, and Germany Creeks",Chinook,Fall-run,2001,3847,0.39
Lower Columbia River Chinook Salmon ESU,Coastal,"Mill, Abernathy, and Germany Creeks",Chinook,Fall-run,2002,2544,0.05
Lower Columbia River Chinook Salmon ESU,Coastal,"Mill, Abernathy, and Germany Creeks",Chinook,Fall-run,2003,3792,0.56
Lower Columbia River Chinook Salmon ESU,Coastal,"Mill, Abernathy, and Germany Creeks",Chinook,Fall-run,2004,4611,0.02
Lower Columbia River Chinook Salmon ESU,Coastal,"Mill, Abernathy, and Germany Creeks",Chinook,Fall-run,2005,2066,0.13
Lower Columbia River Chinook Salmon ESU,Coastal,"Mill, Abernathy, and Germany Creeks",Chinook,Fall-run,2006,622,0.62
Lower Columbia River Chinook Salmon ESU,Coastal,"Mill, Abernathy, and Germany Creeks",Chinook,Fall-run,2007,335,0.48
Lower Columbia River Chinook Salmon ESU,Coastal,"Mill, Abernathy, and Germany Creeks",Chinook,Fall-run,2008,735,0.49
Lower Columbia River Chinook Salmon ESU,Coastal,"Mill, Abernathy, and Germany Creeks",Chinook,Fall-run,2009,390,0.93
Lower Columbia River Chinook Salmon ESU,Coastal,"Mill, Abernathy, and Germany Creeks",Chinook,Fall-run,2010,2778,0.07
Lower Columbia River Chinook Salmon ESU,Coastal,"Mill, Abernathy, and Germany Creeks",Chinook,Fall-run,2011,1678,0.07
Lower Columbia River Chinook Salmon ESU,Coastal,"Mill, Abernathy, and Germany Creeks",Chinook,Fall-run,2012,180,0.13
Lower Columbia River Chinook Salmon ESU,Coastal,"Mill, Abernathy, and Germany Creeks",Chinook,Fall-run,2013,1033,0.2
Lower Columbia River Chinook Salmon ESU,Coastal,"Mill, Abernathy, and Germany Creeks",Chinook,Fall-run,2014,656,0.08
Lower Columbia River Chinook Salmon ESU,Cascade,North Fork Lewis River,Chinook,Spring-run,1980,992,1
Lower Columbia River Chinook Salmon ESU,Cascade,North Fork Lewis River,Chinook,Spring-run,1981,324,1
Lower Columbia River Chinook Salmon ESU,Cascade,North Fork Lewis River,Chinook,Spring-run,1982,986,1
Lower Columbia River Chinook Salmon ESU,Cascade,North Fork Lewis River,Chinook,Spring-run,1983,732,1
Lower Columbia River Chinook Salmon ESU,Cascade,North Fork Lewis River,Chinook,Spring-run,1984,1565,1
Lower Columbia River Chinook Salmon ESU,Cascade,North Fork Lewis River,Chinook,Spring-run,1985,512,1
Lower Columbia River Chinook Salmon ESU,Cascade,North Fork Lewis River,Chinook,Spring-run,1986,1875,1
Lower Columbia River Chinook Salmon ESU,Cascade,North Fork Lewis River,Chinook,Spring-run,1987,6850,1
Lower Columbia River Chinook Salmon ESU,Cascade,North Fork Lewis River,Chinook,Spring-run,1988,5267,1
Lower Columbia River Chinook Salmon ESU,Cascade,North Fork Lewis River,Chinook,Spring-run,1989,3483,1
Lower Columbia River Chinook Salmon ESU,Cascade,North Fork Lewis River,Chinook,Spring-run,1990,1345,1
Lower Columbia River Chinook Salmon ESU,Cascade,North Fork Lewis River,Chinook,Spring-run,1991,1607,1
Lower Columbia River Chinook Salmon ESU,Cascade,North Fork Lewis River,Chinook,Spring-run,1992,1254,1
Lower Columbia River Chinook Salmon ESU,Cascade,North Fork Lewis River,Chinook,Spring-run,1993,1518,1
Lower Columbia River Chinook Salmon ESU,Cascade,North Fork Lewis River,Chinook,Spring-run,1994,475,1
Lower Columbia River Chinook Salmon ESU,Cascade,North Fork Lewis River,Chinook,Spring-run,1995,270,1
Lower Columbia River Chinook Salmon ESU,Cascade,North Fork Lewis River,Chinook,Spring-run,1996,493,1
Lower Columbia River Chinook Salmon ESU,Cascade,North Fork Lewis River,Chinook,Spring-run,1997,410,1
Lower Columbia River Chinook Salmon ESU,Cascade,North Fork Lewis River,Chinook,Spring-run,1998,211,1
Lower Columbia River Chinook Salmon ESU,Cascade,North Fork Lewis River,Chinook,Spring-run,1999,240,1
Lower Columbia River Chinook Salmon ESU,Cascade,North Fork Lewis River,Chinook,Spring-run,2000,439,1
Lower Columbia River Chinook Salmon ESU,Cascade,North Fork Lewis River,Chinook,Spring-run,2001,642,1
Lower Columbia River Chinook Salmon ESU,Cascade,North Fork Lewis River,Chinook,Spring-run,2002,483,1
Lower Columbia River Chinook Salmon ESU,Cascade,North Fork Lewis River,Chinook,Spring-run,2003,679,1
Lower Columbia River Chinook Salmon ESU,Cascade,North Fork Lewis River,Chinook,Spring-run,2004,494,1
Lower Columbia River Chinook Salmon ESU,Cascade,North Fork Lewis River,Chinook,Spring-run,2005,116,1
Lower Columbia River Chinook Salmon ESU,Cascade,North Fork Lewis River,Chinook,Spring-run,2006,847,1
Lower Columbia River Chinook Salmon ESU,Cascade,North Fork Lewis River,Chinook,Spring-run,2007,264,1
Lower Columbia River Chinook Salmon ESU,Cascade,North Fork Lewis River,Chinook,Spring-run,2008,25,1
Lower Columbia River Chinook Salmon ESU,Cascade,North Fork Lewis River,Chinook,Spring-run,2009,58,1
Lower Columbia River Chinook Salmon ESU,Cascade,North Fork Lewis River,Chinook,Spring-run,2010,157,1
Lower Columbia River Chinook Salmon ESU,Cascade,North Fork Lewis River,Chinook,Spring-run,2011,120,1
Lower Columbia River Chinook Salmon ESU,Cascade,North Fork Lewis River,Chinook,Spring-run,2012,318,1
Lower Columbia River Chinook Salmon ESU,Cascade,North Fork Lewis River,Chinook,Spring-run,2013,60,1
Lower Columbia River Chinook Salmon ESU,Cascade,Sandy River,Chinook,Fall-run,1981,3156,0.76
Lower Columbia River Chinook Salmon ESU,Cascade,Sandy River,Chinook,Fall-run,1982,3655,0.76
Lower Columbia River Chinook Salmon ESU,Cascade,Sandy River,Chinook,Fall-run,1983,2575,0.76
Lower Columbia River Chinook Salmon ESU,Cascade,Sandy River,Chinook,Fall-run,1984,3323,0.76
Lower Columbia River Chinook Salmon ESU,Cascade,Sandy River,Chinook,Fall-run,1985,2087,0.76
Lower Columbia River Chinook Salmon ESU,Cascade,Sandy River,Chinook,Fall-run,1986,2845,0.76
Lower Columbia River Chinook Salmon ESU,Cascade,Sandy River,Chinook,Fall-run,1987,9160,0.76
Lower Columbia River Chinook Salmon ESU,Cascade,Sandy River,Chinook,Fall-run,1988,6958,0.76
Lower Columbia River Chinook Salmon ESU,Cascade,Sandy River,Chinook,Fall-run,1989,8557,0.76
Lower Columbia River Chinook Salmon ESU,Cascade,Sandy River,Chinook,Fall-run,1990,3516,0.76
Lower Columbia River Chinook Salmon ESU,Cascade,Sandy River,Chinook,Fall-run,1991,2939,0.76
Lower Columbia River Chinook Salmon ESU,Cascade,Sandy River,Chinook,Fall-run,1992,4185,0.76
Lower Columbia River Chinook Salmon ESU,Cascade,Sandy River,Chinook,Fall-run,1993,5733,0.76
Lower Columbia River Chinook Salmon ESU,Cascade,Sandy River,Chinook,Fall-run,1994,2420,0.76
Lower Columbia River Chinook Salmon ESU,Cascade,Sandy River,Chinook,Fall-run,1995,4382,0.76
Lower Columbia River Chinook Salmon ESU,Cascade,Sandy River,Chinook,Fall-run,1996,2119,0.76
Lower Columbia River Chinook Salmon ESU,Cascade,Sandy River,Chinook,Fall-run,1997,8443,0.76
Lower Columbia River Chinook Salmon ESU,Cascade,Sandy River,Chinook,Fall-run,1998,3251,0.76
Lower Columbia River Chinook Salmon ESU,Cascade,Sandy River,Chinook,Fall-run,1999,1890,0.76
Lower Columbia River Chinook Salmon ESU,Cascade,Sandy River,Chinook,Fall-run,2000,363,0.76
Lower Columbia River Chinook Salmon ESU,Cascade,Sandy River,Chinook,Fall-run,2001,3510,0.76
Lower Columbia River Chinook Salmon ESU,Cascade,Sandy River,Chinook,Fall-run,2002,5463,0.76
Lower Columbia River Chinook Salmon ESU,Cascade,Sandy River,Chinook,Fall-run,2003,3993,0.76
Lower Columbia River Chinook Salmon ESU,Cascade,Sandy River,Chinook,Fall-run,2004,2524,0.76
Lower Columbia River Chinook Salmon ESU,Cascade,Sandy River,Chinook,Fall-run,2005,3998,0.76
Lower Columbia River Chinook Salmon ESU,Cascade,Sandy River,Chinook,Fall-run,2006,5359,0.76
Lower Columbia River Chinook Salmon ESU,Cascade,Sandy River,Chinook,Fall-run,2007,178,-99
Lower Columbia River Chinook Salmon ESU,Cascade,Sandy River,Chinook,Fall-run,2013,2489,-99
Lower Columbia River Chinook Salmon ESU,Cascade,Sandy River,Chinook,Spring-run,1981,1089,0.343
Lower Columbia River Chinook Salmon ESU,Cascade,Sandy River,Chinook,Spring-run,1982,522,0.646
Lower Columbia River Chinook Salmon ESU,Cascade,Sandy River,Chinook,Spring-run,1983,1837,0.475
Lower Columbia River Chinook Salmon ESU,Cascade,Sandy River,Chinook,Spring-run,1984,1211,0.475
Lower Columbia River Chinook Salmon ESU,Cascade,Sandy River,Chinook,Spring-run,1985,561,0.476
Lower Columbia River Chinook Salmon ESU,Cascade,Sandy River,Chinook,Spring-run,1986,702,0.363
Lower Columbia River Chinook Salmon ESU,Cascade,Sandy River,Chinook,Spring-run,1987,1400,0.476
Lower Columbia River Chinook Salmon ESU,Cascade,Sandy River,Chinook,Spring-run,1988,1940,0.475
Lower Columbia River Chinook Salmon ESU,Cascade,Sandy River,Chinook,Spring-run,1989,1376,0.302
Lower Columbia River Chinook Salmon ESU,Cascade,Sandy River,Chinook,Spring-run,1990,1557,0.374
Lower Columbia River Chinook Salmon ESU,Cascade,Sandy River,Chinook,Spring-run,1991,1888,0.282
Lower Columbia River Chinook Salmon ESU,Cascade,Sandy River,Chinook,Spring-run,1992,4451,0.282
Lower Columbia River Chinook Salmon ESU,Cascade,Sandy River,Chinook,Spring-run,1993,3429,0.282
Lower Columbia River Chinook Salmon ESU,Cascade,Sandy River,Chinook,Spring-run,1994,2309,0.283
Lower Columbia River Chinook Salmon ESU,Cascade,Sandy River,Chinook,Spring-run,1995,1503,0.278
Lower Columbia River Chinook Salmon ESU,Cascade,Sandy River,Chinook,Spring-run,1996,2561,0.272
Lower Columbia River Chinook Salmon ESU,Cascade,Sandy River,Chinook,Spring-run,1997,3301,0.283
Lower Columbia River Chinook Salmon ESU,Cascade,Sandy River,Chinook,Spring-run,1998,2615,0.268
Lower Columbia River Chinook Salmon ESU,Cascade,Sandy River,Chinook,Spring-run,1999,2032,0.286
Lower Columbia River Chinook Salmon ESU,Cascade,Sandy River,Chinook,Spring-run,2000,1986,0.284
Lower Columbia River Chinook Salmon ESU,Cascade,Sandy River,Chinook,Spring-run,2001,2445,0.404
Lower Columbia River Chinook Salmon ESU,Cascade,Sandy River,Chinook,Spring-run,2002,1262,0.82
Lower Columbia River Chinook Salmon ESU,Cascade,Sandy River,Chinook,Spring-run,2003,1197,0.88
Lower Columbia River Chinook Salmon ESU,Cascade,Sandy River,Chinook,Spring-run,2004,2698,0.85
Lower Columbia River Chinook Salmon ESU,Cascade,Sandy River,Chinook,Spring-run,2005,1653,0.85
Lower Columbia River Chinook Salmon ESU,Cascade,Sandy River,Chinook,Spring-run,2006,1349,0.896
Lower Columbia River Chinook Salmon ESU,Cascade,Sandy River,Chinook,Spring-run,2007,1410,0.925
Lower Columbia River Chinook Salmon ESU,Cascade,Sandy River,Chinook,Spring-run,2008,4965,0.548
Lower Columbia River Chinook Salmon ESU,Cascade,Sandy River,Chinook,Spring-run,2009,1821,0.47
Lower Columbia River Chinook Salmon ESU,Cascade,Sandy River,Chinook,Spring-run,2010,6076,0.229
Lower Columbia River Chinook Salmon ESU,Cascade,Sandy River,Chinook,Spring-run,2011,3434,0.335
Lower Columbia River Chinook Salmon ESU,Cascade,Sandy River,Chinook,Spring-run,2012,4024,0.763
Lower Columbia River Chinook Salmon ESU,Cascade,Sandy River,Chinook,Spring-run,2013,2413,0.907
Lower Columbia River Chinook Salmon ESU,Cascade,Sandy River,Chinook,Spring-run,2014,1658,0.871
Lower Columbia River Chinook Salmon ESU,Cascade,Toutle River,Chinook,Fall-run,1964,2494,-99
Lower Columbia River Chinook Salmon ESU,Cascade,Toutle River,Chinook,Fall-run,1965,1465,-99
Lower Columbia River Chinook Salmon ESU,Cascade,Toutle River,Chinook,Fall-run,1966,1348,-99
Lower Columbia River Chinook Salmon ESU,Cascade,Toutle River,Chinook,Fall-run,1967,1562,-99
Lower Columbia River Chinook Salmon ESU,Cascade,Toutle River,Chinook,Fall-run,1968,2515,-99
Lower Columbia River Chinook Salmon ESU,Cascade,Toutle River,Chinook,Fall-run,1969,2548,-99
Lower Columbia River Chinook Salmon ESU,Cascade,Toutle River,Chinook,Fall-run,1970,4170,-99
Lower Columbia River Chinook Salmon ESU,Cascade,Toutle River,Chinook,Fall-run,1971,5729,-99
Lower Columbia River Chinook Salmon ESU,Cascade,Toutle River,Chinook,Fall-run,1972,6597,-99
Lower Columbia River Chinook Salmon ESU,Cascade,Toutle River,Chinook,Fall-run,1973,1043,-99
Lower Columbia River Chinook Salmon ESU,Cascade,Toutle River,Chinook,Fall-run,1974,1516,-99
Lower Columbia River Chinook Salmon ESU,Cascade,Toutle River,Chinook,Fall-run,1975,703,-99
Lower Columbia River Chinook Salmon ESU,Cascade,Toutle River,Chinook,Fall-run,1976,1694,-99
Lower Columbia River Chinook Salmon ESU,Cascade,Toutle River,Chinook,Fall-run,1977,1054,-99
Lower Columbia River Chinook Salmon ESU,Cascade,Toutle River,Chinook,Fall-run,1978,6743,-99
Lower Columbia River Chinook Salmon ESU,Cascade,Toutle River,Chinook,Fall-run,1979,4557,-99
Lower Columbia River Chinook Salmon ESU,Cascade,Toutle River,Chinook,Fall-run,1980,37,-99
Lower Columbia River Chinook Salmon ESU,Cascade,Toutle River,Chinook,Fall-run,1981,163,-99
Lower Columbia River Chinook Salmon ESU,Cascade,Toutle River,Chinook,Fall-run,1982,9,-99
Lower Columbia River Chinook Salmon ESU,Cascade,Toutle River,Chinook,Fall-run,1983,-99,-99
Lower Columbia River Chinook Salmon ESU,Cascade,Toutle River,Chinook,Fall-run,1984,-99,-99
Lower Columbia River Chinook Salmon ESU,Cascade,Toutle River,Chinook,Fall-run,1985,9,-99
Lower Columbia River Chinook Salmon ESU,Cascade,Toutle River,Chinook,Fall-run,1986,0,-99
Lower Columbia River Chinook Salmon ESU,Cascade,Toutle River,Chinook,Fall-run,1987,-99,-99
Lower Columbia River Chinook Salmon ESU,Cascade,Toutle River,Chinook,Fall-run,1988,-99,-99
Lower Columbia River Chinook Salmon ESU,Cascade,Toutle River,Chinook,Fall-run,1989,-99,-99
Lower Columbia River Chinook Salmon ESU,Cascade,Toutle River,Chinook,Fall-run,1990,123,-99
Lower Columbia River Chinook Salmon ESU,Cascade,Toutle River,Chinook,Fall-run,1991,156,-99
Lower Columbia River Chinook Salmon ESU,Cascade,Toutle River,Chinook,Fall-run,1992,150,-99
Lower Columbia River Chinook Salmon ESU,Cascade,Toutle River,Chinook,Fall-run,1993,184,-99
Lower Columbia River Chinook Salmon ESU,Cascade,Toutle River,Chinook,Fall-run,1994,516,-99
Lower Columbia River Chinook Salmon ESU,Cascade,Toutle River,Chinook,Fall-run,1995,405,-99
Lower Columbia River Chinook Salmon ESU,Cascade,Toutle River,Chinook,Fall-run,1996,1376,-99
Lower Columbia River Chinook Salmon ESU,Cascade,Toutle River,Chinook,Fall-run,1997,560,-99
Lower Columbia River Chinook Salmon ESU,Cascade,Toutle River,Chinook,Fall-run,1998,1353,-99
Lower Columbia River Chinook Salmon ESU,Cascade,Toutle River,Chinook,Fall-run,1999,720,-99
Lower Columbia River Chinook Salmon ESU,Cascade,Toutle River,Chinook,Fall-run,2000,879,-99
Lower Columbia River Chinook Salmon ESU,Cascade,Toutle River,Chinook,Fall-run,2001,4971,-99
Lower Columbia River Chinook Salmon ESU,Cascade,Toutle River,Chinook,Fall-run,2002,7896,-99
Lower Columbia River Chinook Salmon ESU,Cascade,Toutle River,Chinook,Fall-run,2003,13943,-99
Lower Columbia River Chinook Salmon ESU,Cascade,Toutle River,Chinook,Fall-run,2004,4711,-99
Lower Columbia River Chinook Salmon ESU,Cascade,Toutle River,Chinook,Fall-run,2005,3303,-99
Lower Columbia River Chinook Salmon ESU,Cascade,Toutle River,Chinook,Fall-run,2006,5752,-99
Lower Columbia River Chinook Salmon ESU,Cascade,Toutle River,Chinook,Fall-run,2007,1149,-99
Lower Columbia River Chinook Salmon ESU,Cascade,Toutle River,Chinook,Fall-run,2008,1725,-99
Lower Columbia River Chinook Salmon ESU,Cascade,Toutle River,Chinook,Fall-run,2009,539,-99
Lower Columbia River Chinook Salmon ESU,Cascade,Toutle River,Chinook,Fall-run,2010,2139,0.13
Lower Columbia River Chinook Salmon ESU,Cascade,Toutle River,Chinook,Fall-run,2011,1608,0.21
Lower Columbia River Chinook Salmon ESU,Cascade,Toutle River,Chinook,Fall-run,2012,908,0.24
Lower Columbia River Chinook Salmon ESU,Cascade,Toutle River,Chinook,Fall-run,2013,2283,0.42
Lower Columbia River Chinook Salmon ESU,Cascade,Toutle River,Chinook,Fall-run,2014,745,0.5
Lower Columbia River Chinook Salmon ESU,Cascade,Upper Cowlitz River,Chinook,Fall-run,1996,437,-99
Lower Columbia River Chinook Salmon ESU,Cascade,Upper Cowlitz River,Chinook,Fall-run,1997,27,-99
Lower Columbia River Chinook Salmon ESU,Cascade,Upper Cowlitz River,Chinook,Fall-run,1998,257,-99
Lower Columbia River Chinook Salmon ESU,Cascade,Upper Cowlitz River,Chinook,Fall-run,1999,1,-99
Lower Columbia River Chinook Salmon ESU,Cascade,Upper Cowlitz River,Chinook,Fall-run,2000,1,-99
Lower Columbia River Chinook Salmon ESU,Cascade,Upper Cowlitz River,Chinook,Fall-run,2001,3646,-99
Lower Columbia River Chinook Salmon ESU,Cascade,Upper Cowlitz River,Chinook,Fall-run,2002,6113,-99
Lower Columbia River Chinook Salmon ESU,Cascade,Upper Cowlitz River,Chinook,Fall-run,2003,4165,-99
Lower Columbia River Chinook Salmon ESU,Cascade,Upper Cowlitz River,Chinook,Fall-run,2004,2145,-99
Lower Columbia River Chinook Salmon ESU,Cascade,Upper Cowlitz River,Chinook,Fall-run,2005,2901,-99
Lower Columbia River Chinook Salmon ESU,Cascade,Upper Cowlitz River,Chinook,Fall-run,2006,1782,-99
Lower Columbia River Chinook Salmon ESU,Cascade,Upper Cowlitz River,Chinook,Fall-run,2007,1325,-99
Lower Columbia River Chinook Salmon ESU,Cascade,Upper Cowlitz River,Chinook,Fall-run,2008,1845,-99
Lower Columbia River Chinook Salmon ESU,Cascade,Upper Cowlitz River,Chinook,Fall-run,2009,7491,-99
Lower Columbia River Chinook Salmon ESU,Cascade,Upper Cowlitz River,Chinook,Fall-run,2010,10142,-99
Lower Columbia River Chinook Salmon ESU,Cascade,Upper Cowlitz River,Chinook,Fall-run,2011,14182,-99
Lower Columbia River Chinook Salmon ESU,Cascade,Upper Cowlitz River,Chinook,Fall-run,2012,6143,-99
Lower Columbia River Chinook Salmon ESU,Cascade,Upper Cowlitz River,Chinook,Fall-run,2013,7366,-99
Lower Columbia River Chinook Salmon ESU,Cascade,Upper Cowlitz River,Chinook,Spring-run,1980,166,-99
Lower Columbia River Chinook Salmon ESU,Cascade,Upper Cowlitz River,Chinook,Spring-run,1981,959,-99
Lower Columbia River Chinook Salmon ESU,Cascade,Upper Cowlitz River,Chinook,Spring-run,1982,209,-99
Lower Columbia River Chinook Salmon ESU,Cascade,Upper Cowlitz River,Chinook,Spring-run,1983,70,-99
Lower Columbia River Chinook Salmon ESU,Cascade,Upper Cowlitz River,Chinook,Spring-run,1984,147,-99
Lower Columbia River Chinook Salmon ESU,Cascade,Upper Cowlitz River,Chinook,Spring-run,1985,156,-99
Lower Columbia River Chinook Salmon ESU,Cascade,Upper Cowlitz River,Chinook,Spring-run,1986,467,-99
Lower Columbia River Chinook Salmon ESU,Cascade,Upper Cowlitz River,Chinook,Spring-run,1987,71,-99
Lower Columbia River Chinook Salmon ESU,Cascade,Upper Cowlitz River,Chinook,Spring-run,1988,172,-99
Lower Columbia River Chinook Salmon ESU,Cascade,Upper Cowlitz River,Chinook,Spring-run,1989,563,-99
Lower Columbia River Chinook Salmon ESU,Cascade,Upper Cowlitz River,Chinook,Spring-run,1990,278,-99
Lower Columbia River Chinook Salmon ESU,Cascade,Upper Cowlitz River,Chinook,Spring-run,1991,149,-99
Lower Columbia River Chinook Salmon ESU,Cascade,Upper Cowlitz River,Chinook,Spring-run,1992,266,-99
Lower Columbia River Chinook Salmon ESU,Cascade,Upper Cowlitz River,Chinook,Spring-run,1993,214,-99
Lower Columbia River Chinook Salmon ESU,Cascade,Upper Cowlitz River,Chinook,Spring-run,1994,159,-99
Lower Columbia River Chinook Salmon ESU,Cascade,Upper Cowlitz River,Chinook,Spring-run,1995,282,-99
Lower Columbia River Chinook Salmon ESU,Cascade,Upper Cowlitz River,Chinook,Spring-run,1996,40,-99
Lower Columbia River Chinook Salmon ESU,Cascade,Upper Cowlitz River,Chinook,Spring-run,1997,462,-99
Lower Columbia River Chinook Salmon ESU,Cascade,Upper Cowlitz River,Chinook,Spring-run,1998,262,-99
Lower Columbia River Chinook Salmon ESU,Cascade,Upper Cowlitz River,Chinook,Spring-run,1999,326,-99
Lower Columbia River Chinook Salmon ESU,Cascade,Upper Cowlitz River,Chinook,Spring-run,2000,468,-99
Lower Columbia River Chinook Salmon ESU,Cascade,Upper Cowlitz River,Chinook,Spring-run,2001,443,-99
Lower Columbia River Chinook Salmon ESU,Cascade,Upper Cowlitz River,Chinook,Spring-run,2002,2365,0.19
Lower Columbia River Chinook Salmon ESU,Cascade,Upper Cowlitz River,Chinook,Spring-run,2003,11056,0.06
Lower Columbia River Chinook Salmon ESU,Cascade,Upper Cowlitz River,Chinook,Spring-run,2004,13017,0.02
Lower Columbia River Chinook Salmon ESU,Cascade,Upper Cowlitz River,Chinook,Spring-run,2005,6524,0.02
Lower Columbia River Chinook Salmon ESU,Cascade,Upper Cowlitz River,Chinook,Spring-run,2006,3774,0.02
Lower Columbia River Chinook Salmon ESU,Cascade,Upper Cowlitz River,Chinook,Spring-run,2007,1640,0.04
Lower Columbia River Chinook Salmon ESU,Cascade,Upper Cowlitz River,Chinook,Spring-run,2008,1046,0.11
Lower Columbia River Chinook Salmon ESU,Cascade,Upper Cowlitz River,Chinook,Spring-run,2009,2826,0.04
Lower Columbia River Chinook Salmon ESU,Cascade,Upper Cowlitz River,Chinook,Spring-run,2010,7424,0.04
Lower Columbia River Chinook Salmon ESU,Cascade,Upper Cowlitz River,Chinook,Spring-run,2011,2059,0.09
Lower Columbia River Chinook Salmon ESU,Cascade,Upper Cowlitz River,Chinook,Spring-run,2012,5610,0.06
Lower Columbia River Chinook Salmon ESU,Cascade,Upper Cowlitz River,Chinook,Spring-run,2013,3577,0.11
Lower Columbia River Chinook Salmon ESU,Cascade,Upper Cowlitz River,Chinook,Spring-run,2014,2915,0.08
Lower Columbia River Chinook Salmon ESU,Gorge,Upper Gorge Tributaries,Chinook,Fall-run,1964,774,0
Lower Columbia River Chinook Salmon ESU,Gorge,Upper Gorge Tributaries,Chinook,Fall-run,1965,83,0
Lower Columbia River Chinook Salmon ESU,Gorge,Upper Gorge Tributaries,Chinook,Fall-run,1966,862,0
Lower Columbia River Chinook Salmon ESU,Gorge,Upper Gorge Tributaries,Chinook,Fall-run,1967,228,0
Lower Columbia River Chinook Salmon ESU,Gorge,Upper Gorge Tributaries,Chinook,Fall-run,1968,254,0
Lower Columbia River Chinook Salmon ESU,Gorge,Upper Gorge Tributaries,Chinook,Fall-run,1969,29,0
Lower Columbia River Chinook Salmon ESU,Gorge,Upper Gorge Tributaries,Chinook,Fall-run,1970,51,0
Lower Columbia River Chinook Salmon ESU,Gorge,Upper Gorge Tributaries,Chinook,Fall-run,1971,1801,0
Lower Columbia River Chinook Salmon ESU,Gorge,Upper Gorge Tributaries,Chinook,Fall-run,1972,1190,0
Lower Columbia River Chinook Salmon ESU,Gorge,Upper Gorge Tributaries,Chinook,Fall-run,1973,472,0
Lower Columbia River Chinook Salmon ESU,Gorge,Upper Gorge Tributaries,Chinook,Fall-run,1974,481,0
Lower Columbia River Chinook Salmon ESU,Gorge,Upper Gorge Tributaries,Chinook,Fall-run,1975,556,0
Lower Columbia River Chinook Salmon ESU,Gorge,Upper Gorge Tributaries,Chinook,Fall-run,1976,549,0
Lower Columbia River Chinook Salmon ESU,Gorge,Upper Gorge Tributaries,Chinook,Fall-run,1977,922,0
Lower Columbia River Chinook Salmon ESU,Gorge,Upper Gorge Tributaries,Chinook,Fall-run,1978,1322,0
Lower Columbia River Chinook Salmon ESU,Gorge,Upper Gorge Tributaries,Chinook,Fall-run,1979,884,0
Lower Columbia River Chinook Salmon ESU,Gorge,Upper Gorge Tributaries,Chinook,Fall-run,1980,355,0
Lower Columbia River Chinook Salmon ESU,Gorge,Upper Gorge Tributaries,Chinook,Fall-run,1981,197,0
Lower Columbia River Chinook Salmon ESU,Gorge,Upper Gorge Tributaries,Chinook,Fall-run,1982,361,0
Lower Columbia River Chinook Salmon ESU,Gorge,Upper Gorge Tributaries,Chinook,Fall-run,1983,442,0
Lower Columbia River Chinook Salmon ESU,Gorge,Upper Gorge Tributaries,Chinook,Fall-run,1984,126,0
Lower Columbia River Chinook Salmon ESU,Gorge,Upper Gorge Tributaries,Chinook,Fall-run,1985,168,0
Lower Columbia River Chinook Salmon ESU,Gorge,Upper Gorge Tributaries,Chinook,Fall-run,1986,403,0
Lower Columbia River Chinook Salmon ESU,Gorge,Upper Gorge Tributaries,Chinook,Fall-run,1987,776,0
Lower Columbia River Chinook Salmon ESU,Gorge,Upper Gorge Tributaries,Chinook,Fall-run,1988,1206,0
Lower Columbia River Chinook Salmon ESU,Gorge,Upper Gorge Tributaries,Chinook,Fall-run,1989,112,0
Lower Columbia River Chinook Salmon ESU,Gorge,Upper Gorge Tributaries,Chinook,Fall-run,1990,11,0
Lower Columbia River Chinook Salmon ESU,Gorge,Upper Gorge Tributaries,Chinook,Fall-run,1991,52,0
Lower Columbia River Chinook Salmon ESU,Gorge,Upper Gorge Tributaries,Chinook,Fall-run,1992,54,0
Lower Columbia River Chinook Salmon ESU,Gorge,Upper Gorge Tributaries,Chinook,Fall-run,1993,0,0
Lower Columbia River Chinook Salmon ESU,Gorge,Upper Gorge Tributaries,Chinook,Fall-run,1994,11,0
Lower Columbia River Chinook Salmon ESU,Gorge,Upper Gorge Tributaries,Chinook,Fall-run,1995,4,0
Lower Columbia River Chinook Salmon ESU,Gorge,Upper Gorge Tributaries,Chinook,Fall-run,1996,166,0
Lower Columbia River Chinook Salmon ESU,Gorge,Upper Gorge Tributaries,Chinook,Fall-run,1997,148,0
Lower Columbia River Chinook Salmon ESU,Gorge,Upper Gorge Tributaries,Chinook,Fall-run,1998,202,0
Lower Columbia River Chinook Salmon ESU,Gorge,Upper Gorge Tributaries,Chinook,Fall-run,1999,126,0
Lower Columbia River Chinook Salmon ESU,Gorge,Upper Gorge Tributaries,Chinook,Fall-run,2000,12,0
Lower Columbia River Chinook Salmon ESU,Gorge,Upper Gorge Tributaries,Chinook,Fall-run,2001,407,0
Lower Columbia River Chinook Salmon ESU,Gorge,Upper Gorge Tributaries,Chinook,Fall-run,2002,365,0
Lower Columbia River Chinook Salmon ESU,Gorge,Upper Gorge Tributaries,Chinook,Fall-run,2003,1499,0
Lower Columbia River Chinook Salmon ESU,Gorge,Upper Gorge Tributaries,Chinook,Fall-run,2004,754,0
Lower Columbia River Chinook Salmon ESU,Gorge,Upper Gorge Tributaries,Chinook,Fall-run,2005,452,0
Lower Columbia River Chinook Salmon ESU,Gorge,Upper Gorge Tributaries,Chinook,Fall-run,2006,235,0
Lower Columbia River Chinook Salmon ESU,Gorge,Upper Gorge Tributaries,Chinook,Fall-run,2007,263,0
Lower Columbia River Chinook Salmon ESU,Gorge,Upper Gorge Tributaries,Chinook,Fall-run,2008,181,0
Lower Columbia River Chinook Salmon ESU,Gorge,Upper Gorge Tributaries,Chinook,Fall-run,2009,343,-99
Lower Columbia River Chinook Salmon ESU,Gorge,Upper Gorge Tributaries,Chinook,Fall-run,2011,1815,0.32
Lower Columbia River Chinook Salmon ESU,Cascade,Washougal River,Chinook,Fall-run,1977,1652,0.46
Lower Columbia River Chinook Salmon ESU,Cascade,Washougal River,Chinook,Fall-run,1978,593,0.46
Lower Columbia River Chinook Salmon ESU,Cascade,Washougal River,Chinook,Fall-run,1979,2388,0.46
Lower Columbia River Chinook Salmon ESU,Cascade,Washougal River,Chinook,Fall-run,1980,3437,0.46
Lower Columbia River Chinook Salmon ESU,Cascade,Washougal River,Chinook,Fall-run,1981,1841,0.46
Lower Columbia River Chinook Salmon ESU,Cascade,Washougal River,Chinook,Fall-run,1982,330,0.46
Lower Columbia River Chinook Salmon ESU,Cascade,Washougal River,Chinook,Fall-run,1983,2677,0.46
Lower Columbia River Chinook Salmon ESU,Cascade,Washougal River,Chinook,Fall-run,1984,1217,0.46
Lower Columbia River Chinook Salmon ESU,Cascade,Washougal River,Chinook,Fall-run,1985,1983,0.46
Lower Columbia River Chinook Salmon ESU,Cascade,Washougal River,Chinook,Fall-run,1986,1589,0.46
Lower Columbia River Chinook Salmon ESU,Cascade,Washougal River,Chinook,Fall-run,1987,3578,0.46
Lower Columbia River Chinook Salmon ESU,Cascade,Washougal River,Chinook,Fall-run,1988,3135,0.46
Lower Columbia River Chinook Salmon ESU,Cascade,Washougal River,Chinook,Fall-run,1989,4408,0.46
Lower Columbia River Chinook Salmon ESU,Cascade,Washougal River,Chinook,Fall-run,1990,2062,0.46
Lower Columbia River Chinook Salmon ESU,Cascade,Washougal River,Chinook,Fall-run,1991,3494,0.47
Lower Columbia River Chinook Salmon ESU,Cascade,Washougal River,Chinook,Fall-run,1992,2164,0.76
Lower Columbia River Chinook Salmon ESU,Cascade,Washougal River,Chinook,Fall-run,1993,3836,0.52
Lower Columbia River Chinook Salmon ESU,Cascade,Washougal River,Chinook,Fall-run,1994,3625,0.7
Lower Columbia River Chinook Salmon ESU,Cascade,Washougal River,Chinook,Fall-run,1995,2969,0.39
Lower Columbia River Chinook Salmon ESU,Cascade,Washougal River,Chinook,Fall-run,1996,2821,0.17
Lower Columbia River Chinook Salmon ESU,Cascade,Washougal River,Chinook,Fall-run,1997,4529,0.12
Lower Columbia River Chinook Salmon ESU,Cascade,Washougal River,Chinook,Fall-run,1998,2971,0.24
Lower Columbia River Chinook Salmon ESU,Cascade,Washougal River,Chinook,Fall-run,1999,3105,0.68
Lower Columbia River Chinook Salmon ESU,Cascade,Washougal River,Chinook,Fall-run,2000,2088,0.7
Lower Columbia River Chinook Salmon ESU,Cascade,Washougal River,Chinook,Fall-run,2001,3836,0.43
Lower Columbia River Chinook Salmon ESU,Cascade,Washougal River,Chinook,Fall-run,2002,5725,0.47
Lower Columbia River Chinook Salmon ESU,Cascade,Washougal River,Chinook,Fall-run,2003,3440,0.39
Lower Columbia River Chinook Salmon ESU,Cascade,Washougal River,Chinook,Fall-run,2004,10404,0.25
Lower Columbia River Chinook Salmon ESU,Cascade,Washougal River,Chinook,Fall-run,2005,2671,0.41
Lower Columbia River Chinook Salmon ESU,Cascade,Washougal River,Chinook,Fall-run,2006,2600,0.14
Lower Columbia River Chinook Salmon ESU,Cascade,Washougal River,Chinook,Fall-run,2007,1528,0.87
Lower Columbia River Chinook Salmon ESU,Cascade,Washougal River,Chinook,Fall-run,2008,2491,0.93
Lower Columbia River Chinook Salmon ESU,Cascade,Washougal River,Chinook,Fall-run,2009,2741,0.3
Lower Columbia River Chinook Salmon ESU,Cascade,Washougal River,Chinook,Fall-run,2010,6087,0.14
Lower Columbia River Chinook Salmon ESU,Cascade,Washougal River,Chinook,Fall-run,2011,4725,0.18
Lower Columbia River Chinook Salmon ESU,Cascade,Washougal River,Chinook,Fall-run,2012,1913,0.29
Lower Columbia River Chinook Salmon ESU,Cascade,Washougal River,Chinook,Fall-run,2013,7185,0.42
Lower Columbia River Chinook Salmon ESU,Cascade,Washougal River,Chinook,Fall-run,2014,2038,0.67
Lower Columbia River Chinook Salmon ESU,Gorge,White Salmon River,Chinook,Fall-run,1965,914,-99
Lower Columbia River Chinook Salmon ESU,Gorge,White Salmon River,Chinook,Fall-run,1966,2865,-99
Lower Columbia River Chinook Salmon ESU,Gorge,White Salmon River,Chinook,Fall-run,1967,1212,-99
Lower Columbia River Chinook Salmon ESU,Gorge,White Salmon River,Chinook,Fall-run,1968,575,-99
Lower Columbia River Chinook Salmon ESU,Gorge,White Salmon River,Chinook,Fall-run,1969,2767,-99
Lower Columbia River Chinook Salmon ESU,Gorge,White Salmon River,Chinook,Fall-run,1970,634,-99
Lower Columbia River Chinook Salmon ESU,Gorge,White Salmon River,Chinook,Fall-run,1971,712,-99
Lower Columbia River Chinook Salmon ESU,Gorge,White Salmon River,Chinook,Fall-run,1972,864,-99
Lower Columbia River Chinook Salmon ESU,Gorge,White Salmon River,Chinook,Fall-run,1973,874,-99
Lower Columbia River Chinook Salmon ESU,Gorge,White Salmon River,Chinook,Fall-run,1974,869,-99
Lower Columbia River Chinook Salmon ESU,Gorge,White Salmon River,Chinook,Fall-run,1975,1798,-99
Lower Columbia River Chinook Salmon ESU,Gorge,White Salmon River,Chinook,Fall-run,1976,1881,1
Lower Columbia River Chinook Salmon ESU,Gorge,White Salmon River,Chinook,Fall-run,1977,216,1
Lower Columbia River Chinook Salmon ESU,Gorge,White Salmon River,Chinook,Fall-run,1978,796,1
Lower Columbia River Chinook Salmon ESU,Gorge,White Salmon River,Chinook,Fall-run,1979,636,1
Lower Columbia River Chinook Salmon ESU,Gorge,White Salmon River,Chinook,Fall-run,1980,1539,1
Lower Columbia River Chinook Salmon ESU,Gorge,White Salmon River,Chinook,Fall-run,1981,793,1
Lower Columbia River Chinook Salmon ESU,Gorge,White Salmon River,Chinook,Fall-run,1982,1562,1
Lower Columbia River Chinook Salmon ESU,Gorge,White Salmon River,Chinook,Fall-run,1983,250,1
Lower Columbia River Chinook Salmon ESU,Gorge,White Salmon River,Chinook,Fall-run,1984,369,1
Lower Columbia River Chinook Salmon ESU,Gorge,White Salmon River,Chinook,Fall-run,1985,152,1
Lower Columbia River Chinook Salmon ESU,Gorge,White Salmon River,Chinook,Fall-run,1986,97,1
Lower Columbia River Chinook Salmon ESU,Gorge,White Salmon River,Chinook,Fall-run,1987,161,1
Lower Columbia River Chinook Salmon ESU,Gorge,White Salmon River,Chinook,Fall-run,1988,366,1
Lower Columbia River Chinook Salmon ESU,Gorge,White Salmon River,Chinook,Fall-run,1989,205,1
Lower Columbia River Chinook Salmon ESU,Gorge,White Salmon River,Chinook,Fall-run,1990,124,1
Lower Columbia River Chinook Salmon ESU,Gorge,White Salmon River,Chinook,Fall-run,1991,67,1
Lower Columbia River Chinook Salmon ESU,Gorge,White Salmon River,Chinook,Fall-run,1992,132,1
Lower Columbia River Chinook Salmon ESU,Gorge,White Salmon River,Chinook,Fall-run,1993,105,0.97
Lower Columbia River Chinook Salmon ESU,Gorge,White Salmon River,Chinook,Fall-run,1994,283,0.97
Lower Columbia River Chinook Salmon ESU,Gorge,White Salmon River,Chinook,Fall-run,1995,222,0.97
Lower Columbia River Chinook Salmon ESU,Gorge,White Salmon River,Chinook,Fall-run,1996,32,0.97
Lower Columbia River Chinook Salmon ESU,Gorge,White Salmon River,Chinook,Fall-run,1997,124,0.8
Lower Columbia River Chinook Salmon ESU,Gorge,White Salmon River,Chinook,Fall-run,1998,223,0.83
Lower Columbia River Chinook Salmon ESU,Gorge,White Salmon River,Chinook,Fall-run,1999,401,0.66
Lower Columbia River Chinook Salmon ESU,Gorge,White Salmon River,Chinook,Fall-run,2000,147,0.51
Lower Columbia River Chinook Salmon ESU,Gorge,White Salmon River,Chinook,Fall-run,2001,1668,0.34
Lower Columbia River Chinook Salmon ESU,Gorge,White Salmon River,Chinook,Fall-run,2002,1787,0.38
Lower Columbia River Chinook Salmon ESU,Gorge,White Salmon River,Chinook,Fall-run,2003,11480,0.19
Lower Columbia River Chinook Salmon ESU,Gorge,White Salmon River,Chinook,Fall-run,2004,8691,0.19
Lower Columbia River Chinook Salmon ESU,Gorge,White Salmon River,Chinook,Fall-run,2005,1448,0.18
Lower Columbia River Chinook Salmon ESU,Gorge,White Salmon River,Chinook,Fall-run,2006,755,-99
Lower Columbia River Chinook Salmon ESU,Gorge,White Salmon River,Chinook,Fall-run,2007,898,-99
Lower Columbia River Chinook Salmon ESU,Gorge,White Salmon River,Chinook,Fall-run,2008,770,-99
Lower Columbia River Chinook Salmon ESU,Gorge,White Salmon River,Chinook,Fall-run,2009,964,-99
Lower Columbia River Chinook Salmon ESU,Gorge,White Salmon River,Chinook,Fall-run,2010,1505,0.73
Lower Columbia River Chinook Salmon ESU,Gorge,White Salmon River,Chinook,Fall-run,2011,379,0.88
Lower Columbia River Chinook Salmon ESU,Gorge,White Salmon River,Chinook,Fall-run,2012,755,0.93
Lower Columbia River Chinook Salmon ESU,Gorge,White Salmon River,Chinook,Fall-run,2013,1232,0.67
Lower Columbia River Chinook Salmon ESU,Gorge,White Salmon River,Chinook,Fall-run,2014,1704,0.8
Lower Columbia River Chinook Salmon ESU,Gorge,White Salmon River,Chinook,Spring-run,1976,2063,1
Lower Columbia River Chinook Salmon ESU,Gorge,White Salmon River,Chinook,Spring-run,1977,231,1
Lower Columbia River Chinook Salmon ESU,Gorge,White Salmon River,Chinook,Spring-run,1978,1063,1
Lower Columbia River Chinook Salmon ESU,Gorge,White Salmon River,Chinook,Spring-run,1979,662,1
Lower Columbia River Chinook Salmon ESU,Gorge,White Salmon River,Chinook,Spring-run,1980,1598,1
Lower Columbia River Chinook Salmon ESU,Gorge,White Salmon River,Chinook,Spring-run,1981,839,1
Lower Columbia River Chinook Salmon ESU,Gorge,White Salmon River,Chinook,Spring-run,1982,1579,1
Lower Columbia River Chinook Salmon ESU,Gorge,White Salmon River,Chinook,Spring-run,1983,280,1
Lower Columbia River Chinook Salmon ESU,Gorge,White Salmon River,Chinook,Spring-run,1984,393,1
Lower Columbia River Chinook Salmon ESU,Gorge,White Salmon River,Chinook,Spring-run,1985,153,1
Lower Columbia River Chinook Salmon ESU,Gorge,White Salmon River,Chinook,Spring-run,1986,116,1
Lower Columbia River Chinook Salmon ESU,Gorge,White Salmon River,Chinook,Spring-run,1987,161,1
Lower Columbia River Chinook Salmon ESU,Gorge,White Salmon River,Chinook,Spring-run,1988,382,1
Lower Columbia River Chinook Salmon ESU,Gorge,White Salmon River,Chinook,Spring-run,1989,243,1
Lower Columbia River Chinook Salmon ESU,Gorge,White Salmon River,Chinook,Spring-run,1990,145,1
Lower Columbia River Chinook Salmon ESU,Gorge,White Salmon River,Chinook,Spring-run,1991,75,1
Lower Columbia River Chinook Salmon ESU,Gorge,White Salmon River,Chinook,Spring-run,1992,1078,1
Lower Columbia River Chinook Salmon ESU,Gorge,White Salmon River,Chinook,Spring-run,1993,108,0.97
Lower Columbia River Chinook Salmon ESU,Gorge,White Salmon River,Chinook,Spring-run,1994,288,0.97
Lower Columbia River Chinook Salmon ESU,Gorge,White Salmon River,Chinook,Spring-run,1995,253,0.97
Lower Columbia River Chinook Salmon ESU,Gorge,White Salmon River,Chinook,Spring-run,1996,32,0.97
Lower Columbia River Chinook Salmon ESU,Gorge,White Salmon River,Chinook,Spring-run,1997,124,0.8
Lower Columbia River Chinook Salmon ESU,Gorge,White Salmon River,Chinook,Spring-run,1998,242,0.83
Lower Columbia River Chinook Salmon ESU,Gorge,White Salmon River,Chinook,Spring-run,1999,401,0.66
Lower Columbia River Chinook Salmon ESU,Gorge,White Salmon River,Chinook,Spring-run,2000,167,0.51
Lower Columbia River Chinook Salmon ESU,Gorge,White Salmon River,Chinook,Spring-run,2001,2072,0.34
Lower Columbia River Chinook Salmon ESU,Gorge,White Salmon River,Chinook,Spring-run,2002,1859,0.38
Lower Columbia River Chinook Salmon ESU,Gorge,White Salmon River,Chinook,Spring-run,2003,11898,0.19
Lower Columbia River Chinook Salmon ESU,Gorge,White Salmon River,Chinook,Spring-run,2004,8850,0.19
Lower Columbia River Chinook Salmon ESU,Gorge,White Salmon River,Chinook,Spring-run,2005,1504,0.18
Lower Columbia River Chinook Salmon ESU,Gorge,White Salmon River,Chinook,Spring-run,2006,796,-99
Lower Columbia River Chinook Salmon ESU,Gorge,White Salmon River,Chinook,Spring-run,2007,1014,-99
Lower Columbia River Chinook Salmon ESU,Gorge,White Salmon River,Chinook,Spring-run,2008,775,-99
Lower Columbia River Chinook Salmon ESU,Gorge,White Salmon River,Chinook,Spring-run,2009,1342,-99
Lower Columbia River Chinook Salmon ESU,Gorge,White Salmon River,Chinook,Spring-run,2013,88,0.17
Lower Columbia River Chinook Salmon ESU,Gorge,White Salmon River,Chinook,Spring-run,2014,216,0.05